<?xml version="1.0" encoding="UTF-8"?>
<project-private xmlns="http://www.netbeans.org/ns/project-private/1">
    <editor-bookmarks xmlns="http://www.netbeans.org/ns/editor-bookmarks/2" lastBookmarkId="0"/>
    <open-files xmlns="http://www.netbeans.org/ns/projectui-open-files/2">
        <group>
            <file>file:/C:/Users/Nou/Documents/Nou's%20UWO/Compilers/src/ProjFive/Variable.java</file>
            <file>file:/C:/Users/Nou/Documents/Nou's%20UWO/Compilers/src/ProjFive/Main.java</file>
            <file>file:/C:/Users/Nou/Documents/Nou's%20UWO/Compilers/src/ProjFive/node/TId.java</file>
            <file>file:/C:/Users/Nou/Documents/Nou's%20UWO/Compilers/src/ProjFive/SecondPass.java</file>
            <file>file:/C:/Users/Nou/Documents/Nou's%20UWO/Compilers/src/ProjFive/node/AOneormoreStmtseq.java</file>
            <file>file:/C:/Users/Nou/Documents/Nou's%20UWO/Compilers/src/ProjFive/SymbolTable.java</file>
            <file>file:/C:/Users/Nou/Documents/Nou's%20UWO/Compilers/src/ProjFive/PrintTree.java</file>
            <file>file:/C:/Users/Nou/Documents/Nou's%20UWO/Compilers/src/ProjFive/node/AForStmt.java</file>
        </group>
    </open-files>
</project-private>
